Entity,Code,Year,Total cases (per 1M)
Afghanistan,AFG,2020,1281.5297537674
Afghanistan,AFG,2021,2611.43093924
Afghanistan,AFG,2022,1219.48476842
Afghanistan,AFG,2023,564.77349163
Afghanistan,AFG,2024,119.24932124
Afghanistan,AFG,2025,0.0
Afghanistan,AFG,2026,0.0
Albania,ALB,2020,19716.320144805
Albania,ALB,2021,53769.91737936
Albania,ALB,2022,44176.7714221
Albania,ALB,2023,668.55962914
Albania,ALB,2024,919.503157454
Albania,ALB,2025,13.438892306
Albania,ALB,2026,0.0
Algeria,DZA,2020,2157.1786630374
Algeria,DZA,2021,2614.3917146
Algeria,DZA,2022,1191.9392109
Algeria,DZA,2023,17.704244641
Algeria,DZA,2024,4.3161164712
Algeria,DZA,2025,5.0291867198
Algeria,DZA,2026,0.0
American Samoa,ASM,2020,0.0
American Samoa,ASM,2021,227.4371981
American Samoa,ASM,2022,171018.0030141
American Samoa,ASM,2023,1586.1529376
American Samoa,ASM,2024,0.0
American Samoa,ASM,2025,0.0
American Samoa,ASM,2026,0.0
Andorra,AND,2020,98304.1065823
Andorra,AND,2021,181251.276543
Andorra,AND,2022,319064.103826
Andorra,AND,2023,3660.936026
Andorra,AND,2024,0.0
Andorra,AND,2025,0.0
Andorra,AND,2026,0.0
Angola,AGO,2020,483.3165843612
Angola,AGO,2021,1589.97650464
Angola,AGO,2022,875.7113935
Angola,AGO,2023,51.6385972734
Angola,AGO,2024,15.686812376199999
Angola,AGO,2025,0.0
Angola,AGO,2026,0.0
Anguilla,AIA,2020,855.0103760000001
Anguilla,AIA,2021,115889.109786
Anguilla,AIA,2022,158146.739607
Anguilla,AIA,2023,0.0
Anguilla,AIA,2024,0.0
Anguilla,AIA,2025,0.0
Anguilla,AIA,2026,0.0
Antigua and Barbuda,ATG,2020,1675.513538
Antigua and Barbuda,ATG,2021,44295.715334
Antigua and Barbuda,ATG,2022,52202.477109
Antigua and Barbuda,ATG,2023,0.0
Antigua and Barbuda,ATG,2024,0.0
Antigua and Barbuda,ATG,2025,0.0
Antigua and Barbuda,ATG,2026,0.0
Argentina,ARG,2020,36221.47868274
Argentina,ARG,2021,88210.470573
Argentina,ARG,2022,93396.6256903
Argentina,ARG,2023,3387.4720306
Argentina,ARG,2024,1447.57364517
Argentina,ARG,2025,171.90210473
Argentina,ARG,2026,7.21397374
Armenia,ARM,2020,54868.00660692
Armenia,ARM,2021,64765.181242
Armenia,ARM,2022,35046.88032105
Armenia,ARM,2023,2017.19117977
Armenia,ARM,2024,914.05603104
Armenia,ARM,2025,286.61877513
Armenia,ARM,2026,2.7769292599999997
Aruba,ABW,2020,48920.9374585
Aruba,ABW,2021,116672.4546755
Aruba,ABW,2022,241441.187023
Aruba,ABW,2023,3949.40517
Aruba,ABW,2024,0.0
Aruba,ABW,2025,0.0
Aruba,ABW,2026,0.0
Australia,AUS,2020,1080.657214012
Australia,AUS,2021,12367.50053247
Australia,AUS,2022,397699.90345
Australia,AUS,2023,36221.917729
Australia,AUS,2024,5329.035894
Australia,AUS,2025,0.0
Australia,AUS,2026,0.0
Austria,AUT,2020,38227.691663975
Austria,AUT,2021,100381.7074035
Austria,AUT,2022,488967.61767
Austria,AUT,2023,43397.72769503
Austria,AUT,2024,95.929654332
Austria,AUT,2025,71.486267028
Austria,AUT,2026,5.4528766300000004
Azerbaijan,AZE,2020,20675.245422119
Azerbaijan,AZE,2021,39058.0595498
Azerbaijan,AZE,2022,20506.27818591
Azerbaijan,AZE,2023,792.871659321
Azerbaijan,AZE,2024,217.963388531
Azerbaijan,AZE,2025,1.1655796600000001
Azerbaijan,AZE,2026,0.0
Bahamas,BHS,2020,19652.55068156
Bahamas,BHS,2021,40762.629329
Bahamas,BHS,2022,33891.8366741
Bahamas,BHS,2023,1646.90597138
Bahamas,BHS,2024,2468.38252419
Bahamas,BHS,2025,0.0
Bahamas,BHS,2026,0.0
Bahrain,BHR,2020,59823.0705204
Bahrain,BHR,2021,122907.114107
Bahrain,BHR,2022,271545.767926
Bahrain,BHR,2023,0.0
Bahrain,BHR,2024,0.0
Bahrain,BHR,2025,0.0
Bahrain,BHR,2026,0.0
Bangladesh,BGD,2020,3012.4621388871
Bangladesh,BGD,2021,6339.8401967
Bangladesh,BGD,2022,2673.971810986
Bangladesh,BGD,2023,54.212121565
Bangladesh,BGD,2024,31.231491886
Bangladesh,BGD,2025,4.32742256966
Bangladesh,BGD,2026,0.0
Barbados,BRB,2020,1249.8304834
Barbados,BRB,2021,97328.3985966
Barbados,BRB,2022,275159.037019
Barbados,BRB,2023,8072.285802
Barbados,BRB,2024,3694.3369897
Barbados,BRB,2025,1076.7770314
Barbados,BRB,2026,0.0
Belarus,BLR,2020,20356.431174176
Belarus,BLR,2021,55330.022017
Belarus,BLR,2022,32676.24101437
Belarus,BLR,2023,0.0
Belarus,BLR,2024,0.872101916
Belarus,BLR,2025,2.865477684
Belarus,BLR,2026,1.058980882
Belgium,BEL,2020,54999.958353156
Belgium,BEL,2021,122234.571498
Belgium,BEL,2022,224926.104382
Belgium,BEL,2023,14333.3087069
Belgium,BEL,2024,3757.9563295
Belgium,BEL,2025,1124.6160891
Belgium,BEL,2026,86.4126493
Belize,BLZ,2020,26128.1000247
Belize,BLZ,2021,52354.4555015
Belize,BLZ,2022,94945.8119415
Belize,BLZ,2023,3952.5579771
Belize,BLZ,2024,116.7003131
Belize,BLZ,2025,156.4280767
Belize,BLZ,2026,0.0
Benin,BEN,2020,234.362632291
Benin,BEN,2021,1583.497344622
Benin,BEN,2022,216.068789165
Benin,BEN,2023,3.6442334780000003
Benin,BEN,2024,0.0
Benin,BEN,2025,0.0
Benin,BEN,2026,0.0
Bermuda,BMU,2020,8868.470569
Bermuda,BMU,2021,85230.831549
Bermuda,BMU,2022,192684.668794
Bermuda,BMU,2023,4391.227277
Bermuda,BMU,2024,0.0
Bermuda,BMU,2025,0.0
Bermuda,BMU,2026,0.0
Bhutan,BTN,2020,786.25110737
Bhutan,BTN,2021,2619.80039106
Bhutan,BTN,2022,76667.34878733
Bhutan,BTN,2023,212.56951681
Bhutan,BTN,2024,0.0
Bhutan,BTN,2025,635.14747282
Bhutan,BTN,2026,0.0
Bolivia,BOL,2020,12780.303124171
Bolivia,BOL,2021,35254.444825
Bolivia,BOL,2022,47306.2178182
Bolivia,BOL,2023,5011.988868
Bolivia,BOL,2024,14.8095416595
Bolivia,BOL,2025,1.8925932
Bolivia,BOL,2026,0.0
Bonaire Sint Eustatius and Saba,BES,2020,6381.5572794
Bonaire Sint Eustatius and Saba,BES,2021,106347.6561854
Bonaire Sint Eustatius and Saba,BES,2022,296149.13274800003
Bonaire Sint Eustatius and Saba,BES,2023,7189.2231586
Bonaire Sint Eustatius and Saba,BES,2024,0.0
Bonaire Sint Eustatius and Saba,BES,2025,0.0
Bonaire Sint Eustatius and Saba,BES,2026,0.0
Bosnia and Herzegovina,BIH,2020,34214.72787443
Bosnia and Herzegovina,BIH,2021,55826.5377524
Bosnia and Herzegovina,BIH,2022,35091.0024426
Bosnia and Herzegovina,BIH,2023,775.042308815
Bosnia and Herzegovina,BIH,2024,198.452197416
Bosnia and Herzegovina,BIH,2025,45.244604611
Bosnia and Herzegovina,BIH,2026,0.0
Botswana,BWA,2020,5771.03291983
Botswana,BWA,2021,83110.192109
Botswana,BWA,2022,45563.49464258
Botswana,BWA,2023,977.91093458
Botswana,BWA,2024,115.57874349000001
Botswana,BWA,2025,0.0
Botswana,BWA,2026,0.0
Brazil,BRA,2020,35497.963438127
Brazil,BRA,2021,70411.964335
Brazil,BRA,2022,66341.652251
Brazil,BRA,2023,6267.4700698
Brazil,BRA,2024,10.178346
Brazil,BRA,2025,2042.4688182
Brazil,BRA,2026,78.285093
British Virgin Islands,VGB,2020,2425.285526
British Virgin Islands,VGB,2021,78905.6037
British Virgin Islands,VGB,2022,109171.379206
British Virgin Islands,VGB,2023,2995.283522
British Virgin Islands,VGB,2024,5819.195123
British Virgin Islands,VGB,2025,469.410102
British Virgin Islands,VGB,2026,0.0
Brunei,BRN,2020,335.3601309
Brunei,BRN,2021,33614.44181392
Brunei,BRN,2022,557915.662332
Brunei,BRN,2023,134517.685621
Brunei,BRN,2024,42934.2549349
Brunei,BRN,2025,489.39362500000004
Brunei,BRN,2026,0.0
Bulgaria,BGR,2020,28651.07495664
Bulgaria,BGR,2021,78664.077993
Bulgaria,BGR,2022,80297.341235
Bulgaria,BGR,2023,6293.8570051
Bulgaria,BGR,2024,2143.10974355
Bulgaria,BGR,2025,382.22278827
Bulgaria,BGR,2026,29.363114760000002
Burkina Faso,BFA,2020,285.294924685
Burkina Faso,BFA,2021,490.520425461
Burkina Faso,BFA,2022,202.483742065
Burkina Faso,BFA,2023,3.928580733
Burkina Faso,BFA,2024,2.411729688
Burkina Faso,BFA,2025,2.386343032
Burkina Faso,BFA,2026,0.0
Burundi,BDI,2020,60.602022155
Burundi,BDI,2021,2059.64299125
Burundi,BDI,2022,1789.54520099
Burundi,BDI,2023,186.440671837
Burundi,BDI,2024,8.107437289
Burundi,BDI,2025,0.0
Burundi,BDI,2026,0.0
Cambodia,KHM,2020,21.160673349
Cambodia,KHM,2021,6982.125291297
Cambodia,KHM,2022,1050.376635255
Cambodia,KHM,2023,27.12353183
Cambodia,KHM,2024,18.752276656
Cambodia,KHM,2025,0.0
Cambodia,KHM,2026,0.0
Cameroon,CMR,2020,953.888131613
Cameroon,CMR,2021,2989.21483548
Cameroon,CMR,2022,544.069335395
Cameroon,CMR,2023,41.400120122
Cameroon,CMR,2024,5.138826042
Cameroon,CMR,2025,1.4837455290000001
Cameroon,CMR,2026,0.0
Canada,CAN,2020,14086.4889685619
Canada,CAN,2021,37788.260738
Canada,CAN,2022,63493.275027
Canada,CAN,2023,7589.5823517
Canada,CAN,2024,1176.95086807
Canada,CAN,2025,0.0
Canada,CAN,2026,0.0
Cape Verde,CPV,2020,22555.89910691
Cape Verde,CPV,2021,53346.8013489
Cape Verde,CPV,2022,45689.82313033
Cape Verde,CPV,2023,2455.57616926
Cape Verde,CPV,2024,0.0
Cape Verde,CPV,2025,146.224148
Cape Verde,CPV,2026,0.0
Cayman Islands,CYM,2020,4454.6851339
Cayman Islands,CYM,2021,113513.6756964
Cayman Islands,CYM,2022,321523.33021
Cayman Islands,CYM,2023,0.0
Cayman Islands,CYM,2024,0.0
Cayman Islands,CYM,2025,0.0
Cayman Islands,CYM,2026,0.0
Central African Republic,CAF,2020,1140.494782333
Central African Republic,CAF,2021,1278.194805156
Central African Republic,CAF,2022,594.234211056
Central African Republic,CAF,2023,15.692311228000001
Central African Republic,CAF,2024,0.588461664
Central African Republic,CAF,2025,9.611540624
Central African Republic,CAF,2026,0.0
Chad,TCD,2020,108.834283167
Chad,TCD,2021,200.073950533
Chad,TCD,2022,105.598669343
Chad,TCD,2023,2.608616911
Chad,TCD,2024,0.216739684
Chad,TCD,2025,0.0
Chad,TCD,2026,0.0
Chile,CHL,2020,30682.883281642
Chile,CHL,2021,61428.781971
Chile,CHL,2022,164502.144489
Chile,CHL,2023,16112.319471
Chile,CHL,2024,3954.6221356
Chile,CHL,2025,21.881881056
Chile,CHL,2026,2.944373283
China,CHN,2020,67.65109086198
China,CHN,2021,24.495359421
China,CHN,2022,52468.2980923
China,CHN,2023,17130.833781577
China,CHN,2024,41.3877673106
China,CHN,2025,0.132514635
China,CHN,2026,0.0
Colombia,COL,2020,30590.1704027861
Colombia,COL,2021,68480.629858
Colombia,COL,2022,23460.2398663
Colombia,COL,2023,515.8109894
Colombia,COL,2024,554.094576228
Colombia,COL,2025,150.69625265
Colombia,COL,2026,4.0423496
Comoros,COM,2020,798.54956394
Comoros,COM,2021,6311.84670114
Comoros,COM,2022,3658.97701224
Comoros,COM,2023,150.18828307
Comoros,COM,2024,0.0
Comoros,COM,2025,0.0
Comoros,COM,2026,0.0
Congo,COG,2020,1059.136678484
Congo,COG,2021,2325.79729617
Congo,COG,2022,781.645116566
Congo,COG,2023,24.85458462
Congo,COG,2024,3.479641872
Congo,COG,2025,0.0
Congo,COG,2026,0.0
Cook Islands,COK,2020,0.0
Cook Islands,COK,2021,0.0
Cook Islands,COK,2022,451258.851794
Cook Islands,COK,2023,44343.159696
Cook Islands,COK,2024,11876.50769
Cook Islands,COK,2025,0.0
Cook Islands,COK,2026,0.0
Costa Rica,CRI,2020,32366.882241255
Costa Rica,CRI,2021,79809.013662
Costa Rica,CRI,2022,116858.015567
Costa Rica,CRI,2023,13116.648916
Costa Rica,CRI,2024,1038.86874439
Costa Rica,CRI,2025,1148.64501723
Costa Rica,CRI,2026,6.606255
Croatia,HRV,2020,52499.16296743
Croatia,HRV,2021,125983.058286
Croatia,HRV,2022,144631.123908
Croatia,HRV,2023,12109.9993397
Croatia,HRV,2024,11253.558181100001
Croatia,HRV,2025,4361.91647665
Croatia,HRV,2026,144.0626284
Cuba,CUB,2020,1012.222442362
Cuba,CUB,2021,86233.9633058
Cuba,CUB,2022,13288.88607556
Cuba,CUB,2023,153.16701921
Cuba,CUB,2024,6.148381239
Cuba,CUB,2025,15.370952772
Cuba,CUB,2026,0.180834738
Curacao,CUW,2020,22110.164893
Curacao,CUW,2021,80433.92835070001
Curacao,CUW,2022,144091.1029275
Curacao,CUW,2023,919.4959226
Curacao,CUW,2024,0.0
Curacao,CUW,2025,0.0
Curacao,CUW,2026,0.0
Cyprus,CYP,2020,21542.44681278
Cyprus,CYP,2021,142146.788902
Cyprus,CYP,2022,505460.58143
Cyprus,CYP,2023,49153.287026
Cyprus,CYP,2024,38502.987909
Cyprus,CYP,2025,6817.4857362
Cyprus,CYP,2026,478.228161
Czechia,CZE,2020,64449.526228518
Czechia,CZE,2021,169644.12923
Czechia,CZE,2022,194889.364281
Czechia,CZE,2023,15739.82670233
Czechia,CZE,2024,7390.59602441
Czechia,CZE,2025,5347.7789868
Czechia,CZE,2026,234.378412
Democratic Republic of Congo,COD,2020,166.0261109656
Democratic Republic of Congo,COD,2021,584.9028874
Democratic Republic of Congo,COD,2022,178.370226287
Democratic Republic of Congo,COD,2023,40.8270989909
Democratic Republic of Congo,COD,2024,16.289543795
Democratic Republic of Congo,COD,2025,0.039063654
Democratic Republic of Congo,COD,2026,0.0
Denmark,DNK,2020,26032.986594524
Denmark,DNK,2021,97783.833039
Denmark,DNK,2022,449603.315224
Denmark,DNK,2023,8047.52008616
Denmark,DNK,2024,2221.8373337499997
Denmark,DNK,2025,1174.79766139
Denmark,DNK,2026,124.006822
Djibouti,DJI,2020,5109.73582499
Djibouti,DJI,2021,6843.21669601
Djibouti,DJI,2022,1845.29404796
Djibouti,DJI,2023,0.0
Djibouti,DJI,2024,0.0
Djibouti,DJI,2025,0.0
Djibouti,DJI,2026,0.0
Dominica,DMA,2020,1436.1153126
Dominica,DMA,2021,97572.4943233
Dominica,DMA,2022,136753.6546
Dominica,DMA,2023,4293.3863868
Dominica,DMA,2024,0.0
Dominica,DMA,2025,0.0
Dominica,DMA,2026,0.0
Dominican Republic,DOM,2020,14839.9154009395
Dominican Republic,DOM,2021,22111.046859
Dominican Republic,DOM,2022,21707.371352
Dominican Republic,DOM,2023,207.18655997
Dominican Republic,DOM,2024,0.0
Dominican Republic,DOM,2025,0.0
Dominican Republic,DOM,2026,0.0
East Timor,TLS,2020,31.19427193
East Timor,TLS,2021,14453.27660776
East Timor,TLS,2022,2598.72282177
East Timor,TLS,2023,49.66044713
East Timor,TLS,2024,0.0
East Timor,TLS,2025,0.0
East Timor,TLS,2026,0.0
Ecuador,ECU,2020,12328.517438081
Ecuador,ECU,2021,18688.4944685
Ecuador,ECU,2022,27962.0620909
Ecuador,ECU,2023,1526.91450568
Ecuador,ECU,2024,600.261438125
Ecuador,ECU,2025,161.420499497
Ecuador,ECU,2026,5.698608365
Egypt,EGY,2020,1178.1292485008
Egypt,EGY,2021,2215.50866265
Egypt,EGY,2022,1183.9212560276
Egypt,EGY,2023,4.495591905
Egypt,EGY,2024,0.0
Egypt,EGY,2025,0.0
Egypt,EGY,2026,0.0
El Salvador,SLV,2020,7171.295207599
El Salvador,SLV,2021,12213.2389306
El Salvador,SLV,2022,12745.2188092
El Salvador,SLV,2023,8.120610770999999
El Salvador,SLV,2024,20.927063828
El Salvador,SLV,2025,15.695297948
El Salvador,SLV,2026,0.0
Equatorial Guinea,GNQ,2020,2910.53124084
Equatorial Guinea,GNQ,2021,4660.57283138
Equatorial Guinea,GNQ,2022,1967.61523736
Equatorial Guinea,GNQ,2023,22.73295555
Equatorial Guinea,GNQ,2024,0.0
Equatorial Guinea,GNQ,2025,0.0
Equatorial Guinea,GNQ,2026,0.0
Eritrea,ERI,2020,314.00121161
Eritrea,ERI,2021,2006.23059528
Eritrea,ERI,2022,668.226758512
Eritrea,ERI,2023,0.0
Eritrea,ERI,2024,0.0
Eritrea,ERI,2025,0.0
Eritrea,ERI,2026,0.0
Estonia,EST,2020,22194.97901242
Estonia,EST,2021,145313.904137
Estonia,EST,2022,272621.537595
Estonia,EST,2023,10639.2670924
Estonia,EST,2024,3802.38355538
Estonia,EST,2025,1969.28231486
Estonia,EST,2026,410.130466
Eswatini,SWZ,2020,7014.166045562
Eswatini,SWZ,2021,46137.760968
Eswatini,SWZ,2022,7574.732103202
Eswatini,SWZ,2023,959.865326138
Eswatini,SWZ,2024,135.365620558
Eswatini,SWZ,2025,0.0
Eswatini,SWZ,2026,0.0
Ethiopia,ETH,2020,978.5858409808
Ethiopia,ETH,2021,2231.40403542
Ethiopia,ETH,2022,757.90312956
Ethiopia,ETH,2023,28.7561668994
Ethiopia,ETH,2024,1.2988640505
Ethiopia,ETH,2025,0.35206051709999997
Ethiopia,ETH,2026,0.0
Falkland Islands,FLK,2020,8250.355647
Falkland Islands,FLK,2021,14834.383531
Falkland Islands,FLK,2022,523999.19275499997
Falkland Islands,FLK,2023,0.0
Falkland Islands,FLK,2024,0.0
Falkland Islands,FLK,2025,0.0
Falkland Islands,FLK,2026,0.0
Faroe Islands,FRO,2020,10804.3660463
Faroe Islands,FRO,2021,88235.2159513
Faroe Islands,FRO,2022,542312.03246
Faroe Islands,FRO,2023,0.0
Faroe Islands,FRO,2024,0.0
Faroe Islands,FRO,2025,0.0
Faroe Islands,FRO,2026,0.0
Fiji,FJI,2020,50.96336278
Fiji,FJI,2021,57822.75176446
Fiji,FJI,2022,16863.745618959998
Fiji,FJI,2023,369.01825030000003
Fiji,FJI,2024,0.0
Fiji,FJI,2025,0.0
Fiji,FJI,2026,0.0
Finland,FIN,2020,6870.860057398
Finland,FIN,2021,54096.9502055
Finland,FIN,2022,200599.382419
Finland,FIN,2023,7714.793566
Finland,FIN,2024,1556.338203
Finland,FIN,2025,1367.67637692
Finland,FIN,2026,181.2230791
France,FRA,2020,36004.715794243
France,FRA,2021,98345.39454
France,FRA,2022,456674.72566
France,FRA,2023,15681.138592000001
French Guiana,GUF,2020,42952.58232658
French Guiana,GUF,2021,116554.044134
French Guiana,GUF,2022,168299.228106
French Guiana,GUF,2023,838.986822
French Guiana,GUF,2024,0.0
French Guiana,GUF,2025,0.0
French Guiana,GUF,2026,0.0
French Polynesia,PYF,2020,59377.92367194
French Polynesia,PYF,2021,106086.6679073
French Polynesia,PYF,2022,112520.0989228
French Polynesia,PYF,2023,4989.51469876
French Polynesia,PYF,2024,798.89297516
French Polynesia,PYF,2025,0.0
French Polynesia,PYF,2026,0.0
Gabon,GAB,2020,3911.25607694
Gabon,GAB,2021,12632.961582
Gabon,GAB,2022,3605.76540098
Gabon,GAB,2023,29.38540437
Gabon,GAB,2024,2.46837388
Gabon,GAB,2025,4.93674797
Gabon,GAB,2026,0.0
Gambia,GMB,2020,1439.531959532
Gambia,GMB,2021,2414.211121516
Gambia,GMB,2022,920.060713714
Gambia,GMB,2023,15.171790312
Gambia,GMB,2024,0.379294762
Gambia,GMB,2025,0.0
Gambia,GMB,2026,0.0
Georgia,GEO,2020,58744.12348419
Georgia,GEO,2021,185891.98867
Georgia,GEO,2022,232197.9811519
Georgia,GEO,2023,12517.3386429
Georgia,GEO,2024,1937.39719152
Georgia,GEO,2025,0.79055928
Georgia,GEO,2026,0.0
Germany,DEU,2020,19272.0286284408
Germany,DEU,2021,63813.5405559
Germany,DEU,2022,359816.16043
Germany,DEU,2023,14221.3540672
Ghana,GHA,2020,1651.509603479
Ghana,GHA,2021,2654.88798816
Ghana,GHA,2022,853.510305092
Ghana,GHA,2023,23.754109064
Ghana,GHA,2024,14.992842179
Ghana,GHA,2025,13.514674656
Ghana,GHA,2026,0.0
Gibraltar,GIB,2020,42157.4917358
Gibraltar,GIB,2021,177437.2946992
Gibraltar,GIB,2022,319417.498756
Gibraltar,GIB,2023,7080.029012
Gibraltar,GIB,2024,0.0
Gibraltar,GIB,2025,0.0
Gibraltar,GIB,2026,0.0
Greece,GRC,2020,13298.18940203
Greece,GRC,2021,90276.810419
Greece,GRC,2022,378842.49663
Greece,GRC,2023,52552.316978
Greece,GRC,2024,17558.2005775
Greece,GRC,2025,8976.6035576
Greece,GRC,2026,796.818472
Greenland,GRL,2020,469.2704437
Greenland,GRL,2021,40120.0720504
Greenland,GRL,2022,173125.085826
Greenland,GRL,2023,0.0
Greenland,GRL,2024,0.0
Greenland,GRL,2025,0.0
Greenland,GRL,2026,0.0
Grenada,GRD,2020,1031.1595966
Grenada,GRD,2021,50124.8628825
Grenada,GRD,2022,117062.2707405
Grenada,GRD,2023,201.5892527
Grenada,GRD,2024,0.0
Grenada,GRD,2025,0.0
Grenada,GRD,2026,0.0
Guadeloupe,GLP,2020,22360.16441565
Guadeloupe,GLP,2021,122674.17327099999
Guadeloupe,GLP,2022,376031.68663999997
Guadeloupe,GLP,2023,7226.0012799999995
Guadeloupe,GLP,2024,0.0
Guadeloupe,GLP,2025,0.0
Guadeloupe,GLP,2026,0.0
Guam,GUM,2020,42995.5957634
Guam,GUM,2021,49628.529894
Guam,GUM,2022,209787.51170149999
Guam,GUM,2023,14053.691349
Guam,GUM,2024,129.71839
Guam,GUM,2025,0.0
Guam,GUM,2026,0.0
Guatemala,GTM,2020,7601.604357383
Guatemala,GTM,2021,27443.247961
Guatemala,GTM,2022,32072.44202
Guatemala,GTM,2023,2939.117088221
Guatemala,GTM,2024,5.298749444
Guatemala,GTM,2025,266.39422797
Guatemala,GTM,2026,5.64292821
Guernsey,GGY,2020,4661.0644555
Guernsey,GGY,2021,104145.658564
Guernsey,GGY,2022,424190.47518
Guernsey,GGY,2023,21136.13461
Guernsey,GGY,2024,0.0
Guernsey,GGY,2025,0.0
Guernsey,GGY,2026,0.0
Guinea,GIN,2020,973.441817412
Guinea,GIN,2021,1273.189892792
Guinea,GIN,2022,472.811404094
Guinea,GIN,2023,24.891764878
Guinea,GIN,2024,0.711483675
Guinea,GIN,2025,0.782632039
Guinea,GIN,2026,0.0
Guinea-Bissau,GNB,2020,1163.192654538
Guinea-Bissau,GNB,2021,1910.678291288
Guinea-Bissau,GNB,2022,1175.405363816
Guinea-Bissau,GNB,2023,316.784089888
Guinea-Bissau,GNB,2024,0.0
Guinea-Bissau,GNB,2025,0.0
Guinea-Bissau,GNB,2026,0.0
Guyana,GUY,2020,7650.74500108
Guyana,GUY,2021,39944.250867
Guyana,GUY,2022,40071.17495553
Guyana,GUY,2023,2011.66103999
Guyana,GUY,2024,988.6175136300001
Guyana,GUY,2025,1247.50799278
Guyana,GUY,2026,0.0
Haiti,HTI,2020,862.487539974
Haiti,HTI,2021,1399.88439493
Haiti,HTI,2022,689.821141934
Haiti,HTI,2023,23.222537713
Haiti,HTI,2024,46.656189710999996
Haiti,HTI,2025,11.847219967
Haiti,HTI,2026,0.0
Honduras,HND,2020,11412.635858399
Honduras,HND,2021,24841.5229703
Honduras,HND,2022,8160.0296459
Honduras,HND,2023,778.391945642
Honduras,HND,2024,15.713920281
Honduras,HND,2025,12.328123269
Honduras,HND,2026,0.0
Hungary,HUN,2020,32775.894585072
Hungary,HUN,2021,95942.3815824
Hungary,HUN,2022,96794.127132
Hungary,HUN,2023,4463.65695171
Hungary,HUN,2024,1060.876735526
Hungary,HUN,2025,287.44586554
Hungary,HUN,2026,35.9786756
Iceland,ISL,2020,15036.94176456
Iceland,ISL,2021,47354.8927602
Iceland,ISL,2022,482377.970066
Iceland,ISL,2023,6777.6470195
Iceland,ISL,2024,2507.34624336
Iceland,ISL,2025,1131.23531
Iceland,ISL,2026,113.04841880000001
India,IND,2020,7160.53135352386
India,IND,2021,17256.2142555
India,IND,2022,6927.709870938
India,IND,2023,233.8461400018
India,IND,2024,23.5130169148
India,IND,2025,8.11698786168
India,IND,2026,0.0
Indonesia,IDN,2020,2584.7559221925
Indonesia,IDN,2021,12701.06427858
Indonesia,IDN,2022,8807.72850437
Indonesia,IDN,2023,368.9429998335
Indonesia,IDN,2024,33.0528472468
Indonesia,IDN,2025,0.6040535626
Indonesia,IDN,2026,0.0
Iran,IRN,2020,13412.8387400647
Iran,IRN,2021,55696.127411
Iran,IRN,2022,15347.42707184
Iran,IRN,2023,719.597544831
Iran,IRN,2024,28.44560556
Iran,IRN,2025,0.0
Iran,IRN,2026,0.0
Iraq,IRQ,2020,13425.3322865773
Iraq,IRQ,2021,34060.3698055
Iraq,IRQ,2022,8455.79789146
Iraq,IRQ,2023,3.9028324999999997
Iraq,IRQ,2024,0.0
Iraq,IRQ,2025,0.0
Iraq,IRQ,2026,0.0
Ireland,IRL,2020,16878.004686125
Ireland,IRL,2021,123645.904681
Ireland,IRL,2022,190374.337415
Ireland,IRL,2023,7447.7276297
Ireland,IRL,2024,4529.8720587
Ireland,IRL,2025,2540.1099475
Ireland,IRL,2026,158.1767799
Isle of Man,IMN,2020,4483.596921
Isle of Man,IMN,2021,166249.6005795
Isle of Man,IMN,2022,280947.17519
Isle of Man,IMN,2023,0.0
Isle of Man,IMN,2024,0.0
Isle of Man,IMN,2025,0.0
Isle of Man,IMN,2026,0.0
Israel,ISR,2020,44446.878061811
Israel,ISR,2021,106151.45296729999
Israel,ISR,2022,372340.613579
Israel,ISR,2023,8916.70053294
Israel,ISR,2024,0.0
Israel,ISR,2025,13.21364666
Israel,ISR,2026,2.16565707
Italy,ITA,2020,34346.6047867105
Italy,ITA,2021,61758.1766975
Italy,ITA,2022,324993.55172
Italy,ITA,2023,26114.0255354
Italy,ITA,2024,4964.4464611
Italy,ITA,2025,188.249815555
Italy,ITA,2026,2.563895218
Jamaica,JAM,2020,4468.13809965
Jamaica,JAM,2021,28236.368568
Jamaica,JAM,2022,21111.2480649
Jamaica,JAM,2023,1357.54916646
Jamaica,JAM,2024,247.91122122
Jamaica,JAM,2025,110.89838232
Jamaica,JAM,2026,0.0
Japan,JPN,2020,1761.2854533392
Japan,JPN,2021,12099.12865689
Japan,JPN,2022,215481.8638324
Japan,JPN,2023,41091.5231242
Japan,JPN,2024,0.0
Japan,JPN,2025,0.0
Japan,JPN,2026,0.0
Jersey,JEY,2020,25757.4357708
Jersey,JEY,2021,150242.0452066
Jersey,JEY,2022,457433.28285
Jersey,JEY,2023,8069.558828
Jersey,JEY,2024,0.0
Jersey,JEY,2025,0.0
Jersey,JEY,2026,0.0
Jordan,JOR,2020,25604.85566162
Jordan,JOR,2021,68156.331217
Jordan,JOR,2022,61440.9498884
Jordan,JOR,2023,0.0
Jordan,JOR,2024,0.0
Jordan,JOR,2025,0.0
Jordan,JOR,2026,0.0
Kazakhstan,KAZ,2020,9877.334874986
Kazakhstan,KAZ,2021,43563.359252
Kazakhstan,KAZ,2022,21072.60306894
Kazakhstan,KAZ,2023,517.1050969199999
Kazakhstan,KAZ,2024,58.149366737
Kazakhstan,KAZ,2025,0.0
Kazakhstan,KAZ,2026,0.0
Kenya,KEN,2020,1767.640779913
Kenya,KEN,2021,3479.02866288
Kenya,KEN,2022,1065.855587584
Kenya,KEN,2023,30.339200568
Kenya,KEN,2024,0.545070744
Kenya,KEN,2025,0.30281708
Kenya,KEN,2026,0.0
Kiribati,KIR,2020,0.0
Kiribati,KIR,2021,0.0
Kiribati,KIR,2022,26286.9490959
Kiribati,KIR,2023,12683.6449195
Kiribati,KIR,2024,0.0
Kiribati,KIR,2025,0.0
Kiribati,KIR,2026,0.0
Kuwait,KWT,2020,32609.86419988
Kuwait,KWT,2021,57919.1110841
Kuwait,KWT,2022,53912.8979926
Kuwait,KWT,2023,799.21316314
Kuwait,KWT,2024,153.39314914
Kuwait,KWT,2025,0.0
Kuwait,KWT,2026,0.0
Kyrgyzstan,KGZ,2020,0.0
Kyrgyzstan,KGZ,2021,9898.2053781
Kyrgyzstan,KGZ,2022,2818.534963086
Kyrgyzstan,KGZ,2023,70.157358096
Kyrgyzstan,KGZ,2024,1.437650746
Kyrgyzstan,KGZ,2025,0.0
Kyrgyzstan,KGZ,2026,0.0
Laos,LAO,2020,5.423992278
Laos,LAO,2021,14282.637547139
Laos,LAO,2022,14512.29734084
Laos,LAO,2023,159.261261058
Laos,LAO,2024,20.373043861
Laos,LAO,2025,0.0
Laos,LAO,2026,0.0
Latvia,LVA,2020,18494.90101768
Latvia,LVA,2021,125474.989605
Latvia,LVA,2022,371972.9907
Latvia,LVA,2023,3818.0620951
Latvia,LVA,2024,36.301739234
Latvia,LVA,2025,10.404473886
Latvia,LVA,2026,3.2656377880000003
Lebanon,LBN,2020,29858.017402085
Lebanon,LBN,2021,94619.830427
Lebanon,LBN,2022,88308.8154714
Lebanon,LBN,2023,3055.57293274
Lebanon,LBN,2024,0.0
Lebanon,LBN,2025,0.0
Lebanon,LBN,2026,0.0
Lesotho,LSO,2020,1127.241351204
Lesotho,LSO,2021,11329.528700088
Lesotho,LSO,2022,2629.97988613
Lesotho,LSO,2023,720.8746038200001
Lesotho,LSO,2024,0.0
Lesotho,LSO,2025,0.874847764
Lesotho,LSO,2026,0.0
Liberia,LBR,2020,341.290858452
Liberia,LBR,2021,842.526078975
Liberia,LBR,2022,314.544843043
Liberia,LBR,2023,7.231527113
Liberia,LBR,2024,0.37221095800000004
Liberia,LBR,2025,0.0
Liberia,LBR,2026,0.0
Libya,LBY,2020,13627.109961812
Libya,LBY,2021,39839.120686
Libya,LBY,2022,16737.639863306
Libya,LBY,2023,17.996058484
Libya,LBY,2024,0.0
Libya,LBY,2025,0.0
Libya,LBY,2026,0.0
Liechtenstein,LIE,2020,54022.6465114
Liechtenstein,LIE,2021,102184.0021036
Liechtenstein,LIE,2022,385033.01269
Liechtenstein,LIE,2023,7008.8536573
Liechtenstein,LIE,2024,1169.352758
Liechtenstein,LIE,2025,886.0933932
Liechtenstein,LIE,2026,29.0522424
Lithuania,LTU,2020,48593.6503898
Lithuania,LTU,2021,135678.489308
Lithuania,LTU,2022,272644.452312
Lithuania,LTU,2023,28771.870012800002
Lithuania,LTU,2024,18246.4037529
Lithuania,LTU,2025,9431.821246058
Lithuania,LTU,2026,440.044466118
Luxembourg,LUX,2020,58187.41974581
Luxembourg,LUX,2021,87920.83502700001
Luxembourg,LUX,2022,412377.31477
Luxembourg,LUX,2023,38526.5911751
Luxembourg,LUX,2024,10439.9430037
Luxembourg,LUX,2025,6309.360696
Luxembourg,LUX,2026,524.140076
Madagascar,MDG,2020,581.6038600976
Madagascar,MDG,2021,1070.285907697
Madagascar,MDG,2022,573.577990118
Madagascar,MDG,2023,24.4718845754
Madagascar,MDG,2024,3.9753906514
Madagascar,MDG,2025,4.271080849
Madagascar,MDG,2026,0.0
Malawi,MWI,2020,309.4572480973
Malawi,MWI,2021,3180.924059515
Malawi,MWI,2022,802.4848620346
Malawi,MWI,2023,46.8811472651
Malawi,MWI,2024,0.0
Malawi,MWI,2025,0.0
Malawi,MWI,2026,0.0
Malaysia,MYS,2020,3033.201636001
Malaysia,MYS,2021,76159.725107
Malaysia,MYS,2022,65625.767932
Malaysia,MYS,2023,5335.2872613
Malaysia,MYS,2024,3447.6028788
Malaysia,MYS,2025,15.9427864
Malaysia,MYS,2026,0.0
Maldives,MDV,2020,26082.28496824
Maldives,MDV,2021,155586.875908
Maldives,MDV,2022,172603.8299175
Maldives,MDV,2023,1934.41362839
Maldives,MDV,2024,0.0
Maldives,MDV,2025,0.0
Maldives,MDV,2026,0.0
Mali,MLI,2020,288.9012274708
Mali,MLI,2021,587.219917405
Mali,MLI,2022,544.126203697
Mali,MLI,2023,17.1260349672
Mali,MLI,2024,0.8234861453
Mali,MLI,2025,0.6934620308
Mali,MLI,2026,0.0
Malta,MLT,2020,23552.49339634
Malta,MLT,2021,64859.556194699995
Malta,MLT,2022,131652.924655
Malta,MLT,2023,9282.5742414
Malta,MLT,2024,4657.10921676
Malta,MLT,2025,3151.4395012
Malta,MLT,2026,29.48051072
Marshall Islands,MHL,2020,99.7655491
Marshall Islands,MHL,2021,0.0
Marshall Islands,MHL,2022,387589.1673201
Marshall Islands,MHL,2023,14815.1840956
Marshall Islands,MHL,2024,3965.6807470000003
Marshall Islands,MHL,2025,0.0
Marshall Islands,MHL,2026,0.0
Martinique,MTQ,2020,17017.17820796
Martinique,MTQ,2021,120793.023568
Martinique,MTQ,2022,513891.15032
Martinique,MTQ,2023,7466.170525
Martinique,MTQ,2024,0.0
Martinique,MTQ,2025,0.0
Martinique,MTQ,2026,0.0
Mauritania,MRT,2020,2835.171259141
Mauritania,MRT,2021,5508.2540247
Mauritania,MRT,2022,4678.126849573
Mauritania,MRT,2023,101.940136002
Mauritania,MRT,2024,19.074403628
Mauritania,MRT,2025,2.256112236
Mauritania,MRT,2026,0.0
Mauritius,MUS,2020,412.96603704
Mauritius,MUS,2021,70498.08248006
Mauritius,MUS,2022,157673.321041
Mauritius,MUS,2023,25088.0505649
Mauritius,MUS,2024,5304.8616045
Mauritius,MUS,2025,1265.76497081
Mauritius,MUS,2026,0.0
Mayotte,MYT,2020,19063.5918814
Mayotte,MYT,2021,54514.0677151
Mayotte,MYT,2022,66790.4244202
Mayotte,MYT,2023,167.5282537
Mayotte,MYT,2024,0.0
Mayotte,MYT,2025,0.0
Mayotte,MYT,2026,0.0
Mexico,MEX,2020,11377.8864541268
Mexico,MEX,2021,19812.24166
Mexico,MEX,2022,25228.3023079
Mexico,MEX,2023,2738.9574871
Mexico,MEX,2024,109.645560032
Mexico,MEX,2025,56.1384647366
Mexico,MEX,2026,0.8097374509999999
Micronesia (country),FSM,2020,0.0
Micronesia (country),FSM,2021,0.0
Micronesia (country),FSM,2022,197040.4697648
Micronesia (country),FSM,2023,39844.3537616
Micronesia (country),FSM,2024,47314.531599999995
Micronesia (country),FSM,2025,0.0
Micronesia (country),FSM,2026,0.0
Moldova,MDA,2020,46553.409940651
Moldova,MDA,2021,76753.5958175
Moldova,MDA,2022,72880.3642292
Moldova,MDA,2023,11399.44151713
Moldova,MDA,2024,6515.81942767
Moldova,MDA,2025,1836.051705596
Moldova,MDA,2026,1.4567736789999999
Monaco,MCO,2020,17154.4715415
Monaco,MCO,2021,105648.267551
Monaco,MCO,2022,299655.236048
Monaco,MCO,2023,18642.948726
Monaco,MCO,2024,0.0
Monaco,MCO,2025,0.0
Monaco,MCO,2026,0.0
Mongolia,MNG,2020,337.522766528
Mongolia,MNG,2021,203970.744611
Mongolia,MNG,2022,93207.9659096
Mongolia,MNG,2023,1163.483147933
Mongolia,MNG,2024,45.776524598
Mongolia,MNG,2025,0.0
Mongolia,MNG,2026,0.0
Montenegro,MNE,2020,56055.22113585
Montenegro,MNE,2021,200369.874294
Montenegro,MNE,2022,140505.51143
Montenegro,MNE,2023,11888.0857109
Montenegro,MNE,2024,0.0
Montenegro,MNE,2025,0.0
Montenegro,MNE,2026,0.0
Montserrat,MSR,2020,2904.378956
Montserrat,MSR,2021,7149.24046
Montserrat,MSR,2022,303395.886962
Montserrat,MSR,2023,0.0
Montserrat,MSR,2024,0.0
Montserrat,MSR,2025,0.0
Montserrat,MSR,2026,0.0
Morocco,MAR,2020,11566.045889299
Morocco,MAR,2021,14077.3901735
Morocco,MAR,2022,8415.18082419
Morocco,MAR,2023,182.232554375
Morocco,MAR,2024,25.074292883000002
Morocco,MAR,2025,0.0
Morocco,MAR,2026,0.0
Mozambique,MOZ,2020,558.781818711
Mozambique,MOZ,2021,4742.6198916
Mozambique,MOZ,2022,1773.176648401
Mozambique,MOZ,2023,82.736315655
Mozambique,MOZ,2024,4.672044948
Mozambique,MOZ,2025,1.329870489
Mozambique,MOZ,2026,0.0
Myanmar,MMR,2020,2277.482362801
Myanmar,MMR,2021,7583.54418721
Myanmar,MMR,2022,1926.169931864
Myanmar,MMR,2023,144.7976522745
Myanmar,MMR,2024,33.768490906
Myanmar,MMR,2025,2.976368206
Myanmar,MMR,2026,0.0
Namibia,NAM,2020,7762.285698001
Namibia,NAM,2021,43118.2506824
Namibia,NAM,2022,8067.90662061
Namibia,NAM,2023,660.13514917
Namibia,NAM,2024,106.240577548
Namibia,NAM,2025,0.346060519
Namibia,NAM,2026,0.0
Nauru,NRU,2020,0.0
Nauru,NRU,2021,0.0
Nauru,NRU,2022,390881.410234
Nauru,NRU,2023,65301.980279999996
Nauru,NRU,2024,0.0
Nauru,NRU,2025,0.0
Nauru,NRU,2026,0.0
Nepal,NPL,2020,8711.783240589
Nepal,NPL,2021,19143.9855679
Nepal,NPL,2022,5829.808150785
Nepal,NPL,2023,83.06890255
Nepal,NPL,2024,0.0
Nepal,NPL,2025,16.691661932
Nepal,NPL,2026,0.0
Netherlands,NLD,2020,42118.95095931
Netherlands,NLD,2021,129534.806663
Netherlands,NLD,2022,306779.30497
Netherlands,NLD,2023,3652.05887907
Netherlands,NLD,2024,973.02385523
Netherlands,NLD,2025,419.44947504
Netherlands,NLD,2026,29.46598657
New Caledonia,NCL,2020,132.34423382
New Caledonia,NCL,2021,44471.64325448
New Caledonia,NCL,2022,231922.82089404
New Caledonia,NCL,2023,2323.4871384000003
New Caledonia,NCL,2024,484.101268
New Caledonia,NCL,2025,0.0
New Caledonia,NCL,2026,0.0
New Zealand,NZL,2020,348.615310238
New Zealand,NZL,2021,2306.2950528
New Zealand,NZL,2022,395811.110459
New Zealand,NZL,2023,77080.145214
New Zealand,NZL,2024,43514.529033
New Zealand,NZL,2025,887.837461
New Zealand,NZL,2026,0.0
Nicaragua,NIC,2020,713.324017418
Nicaragua,NIC,2021,1299.06559207
Nicaragua,NIC,2022,270.44675962
Nicaragua,NIC,2023,111.345447821
Nicaragua,NIC,2024,12.310400523
Nicaragua,NIC,2025,89.99327182500001
Nicaragua,NIC,2026,0.27592276400000004
Niger,NER,2020,122.753853793
Niger,NER,2021,165.477838577
Niger,NER,2022,86.8024956868
Niger,NER,2023,0.8747975667
Niger,NER,2024,0.5530978243
Niger,NER,2025,1.7383074016
Niger,NER,2026,0.0
Nigeria,NGA,2020,377.48190397845
Nigeria,NGA,2021,690.091624167
Nigeria,NGA,2022,126.327069296
Nigeria,NGA,2023,3.44161728069
Nigeria,NGA,2024,0.008962544780000001
Nigeria,NGA,2025,0.17476962202000002
Nigeria,NGA,2026,0.0
Niue,NIU,2020,0.0
Niue,NIU,2021,0.0
Niue,NIU,2022,218314.22502
Niue,NIU,2023,304229.93801
Niue,NIU,2024,69646.731
Niue,NIU,2025,0.0
Niue,NIU,2026,0.0
North Korea,PRK,2020,0.0
North Korea,PRK,2021,0.0
North Korea,PRK,2022,0.0
North Korea,PRK,2023,0.0
North Korea,PRK,2024,0.0
North Korea,PRK,2025,0.0
North Korea,PRK,2026,0.0
North Macedonia,MKD,2020,43925.57701426
North Macedonia,MKD,2021,77273.3184091
North Macedonia,MKD,2022,66596.581932
North Macedonia,MKD,2023,2569.23567145
North Macedonia,MKD,2024,951.35312901
North Macedonia,MKD,2025,14.28388263
North Macedonia,MKD,2026,0.0
Northern Mariana Islands,MNP,2020,2646.363377
Northern Mariana Islands,MNP,2021,63109.879814
Northern Mariana Islands,MNP,2022,221352.496583
Northern Mariana Islands,MNP,2023,23904.036825
Northern Mariana Islands,MNP,2024,14034.402641
Northern Mariana Islands,MNP,2025,0.0
Northern Mariana Islands,MNP,2026,0.0
Norway,NOR,2020,8784.694525305
Norway,NOR,2021,61402.463063
Norway,NOR,2022,200127.510844
Norway,NOR,2023,5291.93321846
Norway,NOR,2024,5153.1808961
Norway,NOR,2025,3064.0691146
Norway,NOR,2026,263.1842747
Oman,OMN,2020,27158.364842806
Oman,OMN,2021,37364.7267632
Oman,OMN,2022,19893.11730598
Oman,OMN,2023,29.80828262
Oman,OMN,2024,0.0
Oman,OMN,2025,0.0
Oman,OMN,2026,0.0
Pakistan,PAK,2020,1933.7206019639
Pakistan,PAK,2021,3375.0373731
Pakistan,PAK,2022,1156.759836575
Pakistan,PAK,2023,20.434905165
Pakistan,PAK,2024,0.0
Pakistan,PAK,2025,0.0
Pakistan,PAK,2026,0.0
Palau,PLW,2020,0.0
Palau,PLW,2021,546.237397
Palau,PLW,2022,335060.40887600003
Palau,PLW,2023,16788.766982
Palau,PLW,2024,6016.6442
Palau,PLW,2025,0.0
Palau,PLW,2026,0.0
Palestine,PSE,2020,28255.064039136
Palestine,PSE,2021,60197.8870925
Palestine,PSE,2022,44099.6747061
Palestine,PSE,2023,0.0
Palestine,PSE,2024,0.0
Palestine,PSE,2025,0.0
Palestine,PSE,2026,0.0
Panama,PAN,2020,52025.251869085
Panama,PAN,2021,58862.326789
Panama,PAN,2022,121748.264035
Panama,PAN,2023,4315.5061205
Panama,PAN,2024,520.849828694
Panama,PAN,2025,134.132219337
Panama,PAN,2026,0.0
Papua New Guinea,PNG,2020,76.446777408
Papua New Guinea,PNG,2021,3466.329291926
Papua New Guinea,PNG,2022,1034.761734764
Papua New Guinea,PNG,2023,15.541377908
Papua New Guinea,PNG,2024,0.0
Papua New Guinea,PNG,2025,0.0
Papua New Guinea,PNG,2026,0.0
Paraguay,PRY,2020,15419.11141093
Paraguay,PRY,2021,53431.1911692
Paraguay,PRY,2022,38099.20401761
Paraguay,PRY,2023,1883.1769754
Paraguay,PRY,2024,0.0
Paraguay,PRY,2025,0.0
Paraguay,PRY,2026,0.0
Peru,PER,2020,30065.414420947
Peru,PER,2021,38022.336365
Peru,PER,2022,64716.1909399
Peru,PER,2023,1778.9206038
Peru,PER,2024,706.646077436
Peru,PER,2025,136.112597066
Peru,PER,2026,0.12802565
Philippines,PHL,2020,4120.1897190167
Philippines,PHL,2021,20798.376146900002
Philippines,PHL,2022,10723.5270372
Philippines,PHL,2023,1187.66344972
Philippines,PHL,2024,71.8031601
Philippines,PHL,2025,0.0
Philippines,PHL,2026,0.0
Pitcairn,PCN,2020,0.0
Pitcairn,PCN,2021,0.0
Pitcairn,PCN,2022,88888.891
Pitcairn,PCN,2023,0.0
Pitcairn,PCN,2024,0.0
Pitcairn,PCN,2025,0.0
Pitcairn,PCN,2026,0.0
Poland,POL,2020,33058.9706686344
Poland,POL,2021,73018.5816432
Poland,POL,2022,59781.9153886
Poland,POL,2023,6914.74524757
Poland,POL,2024,3577.60889508
Poland,POL,2025,1698.14948761
Poland,POL,2026,101.8123793
Portugal,PRT,2020,35683.423034666
Portugal,PRT,2021,86670.595677
Portugal,PRT,2022,410479.673268
Portugal,PRT,2023,8539.826023
Portugal,PRT,2024,2985.4557944499998
Portugal,PRT,2025,91.99183265
Portugal,PRT,2026,0.0
Puerto Rico,PRI,2020,25594.17363245
Puerto Rico,PRI,2021,59694.6578445
Puerto Rico,PRI,2022,265011.458302
Puerto Rico,PRI,2023,36223.568795
Puerto Rico,PRI,2024,0.0
Puerto Rico,PRI,2025,0.0
Puerto Rico,PRI,2026,0.0
Qatar,QAT,2020,49467.182373752
Qatar,QAT,2021,36454.262309
Qatar,QAT,2022,83038.585712
Qatar,QAT,2023,8924.1696242
Qatar,QAT,2024,0.0
Qatar,QAT,2025,0.0
Qatar,QAT,2026,0.0
Reunion,REU,2020,10236.8524392
Reunion,REU,2021,74503.822799
Reunion,REU,2022,474253.297744
Reunion,REU,2023,8499.539584
Reunion,REU,2024,0.0
Reunion,REU,2025,0.0
Reunion,REU,2026,0.0
Romania,ROU,2020,32198.119242319
Romania,ROU,2021,61920.5041901
Romania,ROU,2022,78471.1597117
Romania,ROU,2023,10674.8931233
Romania,ROU,2024,2874.83328524
Romania,ROU,2025,1862.44900417
Romania,ROU,2026,17.038412
Russia,RUS,2020,21136.0012785077
Russia,RUS,2021,50548.054315
Russia,RUS,2022,77932.795594
Russia,RUS,2023,13500.1300464
Russia,RUS,2024,7405.8110265
Russia,RUS,2025,527.3932938
Russia,RUS,2026,0.0
Rwanda,RWA,2020,581.840137247
Rwanda,RWA,2021,7224.39730918
Rwanda,RWA,2022,1934.464886316
Rwanda,RWA,2023,17.3927284
Rwanda,RWA,2024,4.248765192
Rwanda,RWA,2025,0.586036598
Rwanda,RWA,2026,0.0
Saint Barthelemy,BLM,2020,17080.74511
Saint Barthelemy,BLM,2021,140573.621464
Saint Barthelemy,BLM,2022,336238.84551
Saint Barthelemy,BLM,2023,9121.039621
Saint Barthelemy,BLM,2024,0.0
Saint Barthelemy,BLM,2025,0.0
Saint Barthelemy,BLM,2026,0.0
Saint Helena,SHN,2020,0.0
Saint Helena,SHN,2021,0.0
Saint Helena,SHN,2022,403427.07219
Saint Helena,SHN,2023,0.0
Saint Helena,SHN,2024,0.0
Saint Helena,SHN,2025,0.0
Saint Helena,SHN,2026,0.0
Saint Kitts and Nevis,KNA,2020,660.3000976
Saint Kitts and Nevis,KNA,2021,60484.7093048
Saint Kitts and Nevis,KNA,2022,79272.692176
Saint Kitts and Nevis,KNA,2023,962.937622
Saint Kitts and Nevis,KNA,2024,0.0
Saint Kitts and Nevis,KNA,2025,0.0
Saint Kitts and Nevis,KNA,2026,0.0
Saint Lucia,LCA,2020,1775.38716798
Saint Lucia,LCA,2021,72838.813632
Saint Lucia,LCA,2022,91767.2216265
Saint Lucia,LCA,2023,2695.83992664
Saint Lucia,LCA,2024,5.59302898
Saint Lucia,LCA,2025,124.6446464
Saint Lucia,LCA,2026,3.9950207
Saint Martin (French part),MAF,2020,33743.1349682
Saint Martin (French part),MAF,2021,108753.14511499999
Saint Martin (French part),MAF,2022,279742.753174
Saint Martin (French part),MAF,2023,4211.712652
Saint Martin (French part),MAF,2024,0.0
Saint Martin (French part),MAF,2025,0.0
Saint Martin (French part),MAF,2026,0.0
Saint Pierre and Miquelon,SPM,2020,2752.9762419999997
Saint Pierre and Miquelon,SPM,2021,14260.912777
Saint Pierre and Miquelon,SPM,2022,566592.259367
Saint Pierre and Miquelon,SPM,2023,11185.515992
Saint Pierre and Miquelon,SPM,2024,0.0
Saint Pierre and Miquelon,SPM,2025,0.0
Saint Pierre and Miquelon,SPM,2026,0.0
Saint Vincent and the Grenadines,VCT,2020,1077.765701
Saint Vincent and the Grenadines,VCT,2021,56462.3252419
Saint Vincent and the Grenadines,VCT,2022,38124.9117834
Saint Vincent and the Grenadines,VCT,2023,1356.3051504999999
Saint Vincent and the Grenadines,VCT,2024,0.0
Saint Vincent and the Grenadines,VCT,2025,0.0
Saint Vincent and the Grenadines,VCT,2026,0.0
Samoa,WSM,2020,4.64532915
Samoa,WSM,2021,4.64532915
Samoa,WSM,2022,75606.0487152
Samoa,WSM,2023,3271.63898855
Samoa,WSM,2024,441.3062682
Samoa,WSM,2025,0.0
Samoa,WSM,2026,0.0
San Marino,SMR,2020,68549.4849831
San Marino,SMR,2021,162334.4263558
San Marino,SMR,2022,445439.73713
San Marino,SMR,2023,65094.5810107
San Marino,SMR,2024,0.0
San Marino,SMR,2025,0.0
San Marino,SMR,2026,0.0
Sao Tome and Principe,STP,2020,4477.99541405
Sao Tome and Principe,STP,2021,12244.10448273
Sao Tome and Principe,STP,2022,11022.66085953
Sao Tome and Principe,STP,2023,2019.32728125
Sao Tome and Principe,STP,2024,154.65307031999998
Sao Tome and Principe,STP,2025,0.0
Sao Tome and Principe,STP,2026,0.0
Saudi Arabia,SAU,2020,11256.806913874
Saudi Arabia,SAU,2021,5946.26435589
Saudi Arabia,SAU,2022,8496.1400148
Saudi Arabia,SAU,2023,453.38610604
Saudi Arabia,SAU,2024,0.0
Saudi Arabia,SAU,2025,0.0
Saudi Arabia,SAU,2026,0.0
Senegal,SEN,2020,1053.596881185
Senegal,SEN,2021,3167.864273022
Senegal,SEN,2022,815.052447453
Senegal,SEN,2023,8.498054349
Senegal,SEN,2024,15.296498021
Senegal,SEN,2025,6.628482413
Senegal,SEN,2026,0.0
Serbia,SRB,2020,47988.530803594
Serbia,SRB,2021,142295.4087585
Serbia,SRB,2022,169364.433604
Serbia,SRB,2023,18481.6077767
Serbia,SRB,2024,0.0
Serbia,SRB,2025,6.037211418
Serbia,SRB,2026,0.14724906000000001
Seychelles,SYC,2020,1714.9730625
Seychelles,SYC,2021,193525.66377
Seychelles,SYC,2022,205888.94716799998
Seychelles,SYC,2023,6890.618287
Seychelles,SYC,2024,5408.9363027
Seychelles,SYC,2025,0.0
Seychelles,SYC,2026,0.0
Sierra Leone,SLE,2020,308.970004888
Sierra Leone,SLE,2021,507.925215428
Sierra Leone,SLE,2022,120.664167838
Sierra Leone,SLE,2023,2.29557062
Sierra Leone,SLE,2024,24.888818878000002
Sierra Leone,SLE,2025,0.0
Sierra Leone,SLE,2026,0.0
Singapore,SGP,2020,10358.915851834001
Singapore,SGP,2021,38921.1511129
Singapore,SGP,2022,339712.24678
Singapore,SGP,2023,128851.657789
Singapore,SGP,2024,14449.843659999999
Singapore,SGP,2025,0.0
Singapore,SGP,2026,0.0
Sint Maarten (Dutch part),SXM,2020,32974.069823
Sint Maarten (Dutch part),SXM,2021,81764.309012
Sint Maarten (Dutch part),SXM,2022,145933.637997
Sint Maarten (Dutch part),SXM,2023,1453.542561
Sint Maarten (Dutch part),SXM,2024,0.0
Sint Maarten (Dutch part),SXM,2025,0.0
Sint Maarten (Dutch part),SXM,2026,0.0
Slovakia,SVK,2020,31082.132489393
Slovakia,SVK,2021,120953.300554
Slovakia,SVK,2022,187601.33897
Slovakia,SVK,2023,3038.575102994
Slovakia,SVK,2024,1841.676982078
Slovakia,SVK,2025,667.98277237
Slovakia,SVK,2026,47.164929
Slovenia,SVN,2020,53331.49273284
Slovenia,SVN,2021,162132.443041
Slovenia,SVN,2022,399505.77013
Slovenia,SVN,2023,25346.64069021
Slovenia,SVN,2024,3698.14389594
Slovenia,SVN,2025,2017.74649605
Slovenia,SVN,2026,103.3321806
Solomon Islands,SLB,2020,21.76487586
Solomon Islands,SLB,2021,7.498823
Solomon Islands,SLB,2022,27639.01400342
Solomon Islands,SLB,2023,5560.2855
Solomon Islands,SLB,2024,0.0
Solomon Islands,SLB,2025,0.0
Solomon Islands,SLB,2026,0.0
Somalia,SOM,2020,263.647694038
Somalia,SOM,2021,1058.234047645
Somalia,SOM,2022,212.14434879
Somalia,SOM,2023,1.428419335
Somalia,SOM,2024,0.0
Somalia,SOM,2025,0.0
Somalia,SOM,2026,0.0
South Africa,ZAF,2020,16085.529332843
South Africa,ZAF,2021,38733.1658644
South Africa,ZAF,2022,10081.8799643
South Africa,ZAF,2023,388.609681178
South Africa,ZAF,2024,3.6848826025
South Africa,ZAF,2025,4.571178088
South Africa,ZAF,2026,0.0
South Korea,KOR,2020,1115.4813281476
South Korea,KOR,2021,10878.7410463
South Korea,KOR,2022,545175.811033
South Korea,KOR,2023,110466.002638
South Korea,KOR,2024,0.0
South Korea,KOR,2025,0.0
South Korea,KOR,2026,0.0
South Sudan,SSD,2020,318.503761982
South Sudan,SSD,2021,1046.323490286
South Sudan,SSD,2022,301.782703689
South Sudan,SSD,2023,40.921226906
South Sudan,SSD,2024,3.720111507
South Sudan,SSD,2025,1.1795475720000002
South Sudan,SSD,2026,0.0
Spain,ESP,2020,39738.8013196627
Spain,ESP,2021,86336.718355
Spain,ESP,2022,161514.408571
Spain,ESP,2023,4712.2225675
Sri Lanka,LKA,2020,1819.7844482
Sri Lanka,LKA,2021,23803.6212455
Sri Lanka,LKA,2022,3799.30514119
Sri Lanka,LKA,2023,36.04747582
Sri Lanka,LKA,2024,5.35519592
Sri Lanka,LKA,2025,0.0
Sri Lanka,LKA,2026,0.0
Sudan,SDN,2020,504.244621659
Sudan,SDN,2021,438.33171330700003
Sudan,SDN,2022,347.1644805948
Sudan,SDN,2023,6.100958167
Sudan,SDN,2024,0.0
Sudan,SDN,2025,0.0
Sudan,SDN,2026,0.0
Suriname,SUR,2020,9502.30665566
Suriname,SUR,2021,73433.0625624
Suriname,SUR,2022,47977.1237782
Suriname,SUR,2023,1466.6897609
Suriname,SUR,2024,17.65162784
Suriname,SUR,2025,16.046934399999998
Suriname,SUR,2026,0.0
Sweden,SWE,2020,40599.800930441
Sweden,SWE,2021,83337.772857
Sweden,SWE,2022,131164.562666
Sweden,SWE,2023,6796.3337398
Sweden,SWE,2024,2353.70974302
Sweden,SWE,2025,1133.2580893
Sweden,SWE,2026,145.2227868
Switzerland,CHE,2020,50003.883110276
Switzerland,CHE,2021,96006.434914
Switzerland,CHE,2022,351884.49999
Switzerland,CHE,2023,7888.8447305
Switzerland,CHE,2024,3245.8551264000002
Switzerland,CHE,2025,1598.3684246
Switzerland,CHE,2026,171.3698199
Syria,SYR,2020,491.0605554926
Syria,SYR,2021,1740.55184261
Syria,SYR,2022,324.8191461324
Syria,SYR,2023,0.0
Syria,SYR,2024,0.0
Syria,SYR,2025,0.0
Syria,SYR,2026,0.0
Tajikistan,TJK,2020,1334.13125304
Tajikistan,TJK,2021,383.862102526
Tajikistan,TJK,2022,28.775627592
Tajikistan,TJK,2023,0.0
Tajikistan,TJK,2024,0.0
Tajikistan,TJK,2025,0.0
Tajikistan,TJK,2026,0.0
Tanzania,TZA,2020,7.8656415732
Tanzania,TZA,2021,445.003698949
Tanzania,TZA,2022,201.685383219
Tanzania,TZA,2023,13.375785241
Tanzania,TZA,2024,2.2186274881
Tanzania,TZA,2025,3.6999201413000002
Tanzania,TZA,2026,0.0
Thailand,THA,2020,88.3605362102
Thailand,THA,2021,30790.17779759
Thailand,THA,2022,34948.3027612
Thailand,THA,2023,555.39087585
Thailand,THA,2024,648.26204154
Thailand,THA,2025,8523.7227435
Thailand,THA,2026,0.0
Togo,TGO,2020,392.216067107
Togo,TGO,2021,2766.00652839
Togo,TGO,2022,1169.968777839
Togo,TGO,2023,20.336896447
Togo,TGO,2024,1.10014121
Togo,TGO,2025,1.760225978
Togo,TGO,2026,0.0
Tokelau,TKL,2020,0.0
Tokelau,TKL,2021,0.0
Tokelau,TKL,2022,2162.6297
Tokelau,TKL,2023,32439.446060000002
Tokelau,TKL,2024,0.0
Tokelau,TKL,2025,0.0
Tokelau,TKL,2026,0.0
Tonga,TON,2020,0.0
Tonga,TON,2021,9.519004599999999
Tonga,TON,2022,156216.3869816
Tonga,TON,2023,4613.997557
Tonga,TON,2024,907.0251966
Tonga,TON,2025,0.0
Tonga,TON,2026,0.0
Trinidad and Tobago,TTO,2020,4749.5760039199995
Trinidad and Tobago,TTO,2021,55249.5014367
Trinidad and Tobago,TTO,2022,64288.832156
Trinidad and Tobago,TTO,2023,3724.026679
Trinidad and Tobago,TTO,2024,0.0
Trinidad and Tobago,TTO,2025,0.0
Trinidad and Tobago,TTO,2026,0.0
Tunisia,TUN,2020,10872.51746489
Tunisia,TUN,2021,48847.4701038
Tunisia,TUN,2022,34968.1525968
Tunisia,TUN,2023,478.85688496
Tunisia,TUN,2024,0.0
Tunisia,TUN,2025,0.0
Tunisia,TUN,2026,0.0
Turkey,TUR,2020,24672.3267875281
Turkey,TUR,2021,82649.79127
Turkey,TUR,2022,88002.6695773
Turkey,TUR,2023,0.1148653303
Turkey,TUR,2024,0.28716332889999996
Turkey,TUR,2025,0.1493249303
Turkey,TUR,2026,0.0
Turkmenistan,TKM,2020,0.0
Turkmenistan,TKM,2021,0.0
Turkmenistan,TKM,2022,0.0
Turkmenistan,TKM,2023,0.0
Turkmenistan,TKM,2024,0.0
Turkmenistan,TKM,2025,0.0
Turkmenistan,TKM,2026,0.0
Turks and Caicos Islands,TCA,2020,18393.9978085
Turks and Caicos Islands,TCA,2021,52786.97399
Turks and Caicos Islands,TCA,2022,70069.109617
Turks and Caicos Islands,TCA,2023,5036.080917
Turks and Caicos Islands,TCA,2024,2681.5496085
Turks and Caicos Islands,TCA,2025,2136.519245
Turks and Caicos Islands,TCA,2026,21.801216500000002
Tuvalu,TUV,2020,0.0
Tuvalu,TUV,2021,0.0
Tuvalu,TUV,2022,277566.92479
Tuvalu,TUV,2023,16380.343638
Tuvalu,TUV,2024,0.0
Tuvalu,TUV,2025,0.0
Tuvalu,TUV,2026,0.0
Uganda,UGA,2020,721.3675034549
Uganda,UGA,2021,2190.40170197
Uganda,UGA,2022,680.954022854
Uganda,UGA,2023,42.229660817
Uganda,UGA,2024,5.782196417
Uganda,UGA,2025,1.2772162468
Uganda,UGA,2026,0.0
Ukraine,UKR,2020,23672.10044904
Ukraine,UKR,2021,64045.565451
Ukraine,UKR,2022,41778.9360131
Ukraine,UKR,2023,5115.96356544
Ukraine,UKR,2024,389.641068339
Ukraine,UKR,2025,317.851890642
Ukraine,UKR,2026,9.2155194
United Arab Emirates,ARE,2020,19724.66689307
United Arab Emirates,ARE,2021,53829.0509001
United Arab Emirates,ARE,2022,28644.8093297
United Arab Emirates,ARE,2023,1982.4088488
United Arab Emirates,ARE,2024,0.0
United Arab Emirates,ARE,2025,0.0
United Arab Emirates,ARE,2026,0.0
United Kingdom,GBR,2020,35276.109712414
United Kingdom,GBR,2021,153272.733955
United Kingdom,GBR,2022,166021.814519
United Kingdom,GBR,2023,10138.5211755
United Kingdom,GBR,2024,2359.7794063
United Kingdom,GBR,2025,1163.9307442
United Kingdom,GBR,2026,58.2267101
United States,USA,2020,55765.97111715142
United States,USA,2021,97735.418111
United States,USA,2022,136752.404262
United States,USA,2023,12605.706937
United States Virgin Islands,VIR,2020,23025.513826
United States Virgin Islands,VIR,2021,73600.628996
United States Virgin Islands,VIR,2022,177895.705168
United States Virgin Islands,VIR,2023,18971.447169
United States Virgin Islands,VIR,2024,0.0
United States Virgin Islands,VIR,2025,0.0
United States Virgin Islands,VIR,2026,0.0
Uruguay,URY,2020,4824.11867403
Uruguay,URY,2021,115447.3312
Uruguay,URY,2022,178181.425905
Uruguay,URY,2023,7639.535267
Uruguay,URY,2024,1364.02368739
Uruguay,URY,2025,198.93504283
Uruguay,URY,2026,10.19531521
Uzbekistan,UZB,2020,0.257592139
Uzbekistan,UZB,2021,3337.7114435
Uzbekistan,UZB,2022,1450.1538534
Uzbekistan,UZB,2023,222.93169402
Uzbekistan,UZB,2024,0.028621347999999998
Uzbekistan,UZB,2025,2.17522256
Uzbekistan,UZB,2026,0.0
Vanuatu,VUT,2020,3.1942655500000003
Vanuatu,VUT,2021,19.1655933
Vanuatu,VUT,2022,38351.72237035
Vanuatu,VUT,2023,17.7966227
Vanuatu,VUT,2024,0.0
Vanuatu,VUT,2025,0.0
Vanuatu,VUT,2026,0.0
Vatican,VAT,2020,50682.26176
Vatican,VAT,2021,0.0
Vatican,VAT,2022,0.0
Vatican,VAT,2023,0.0
Vatican,VAT,2024,0.0
Vatican,VAT,2025,0.0
Vatican,VAT,2026,0.0
Venezuela,VEN,2020,3967.955924189
Venezuela,VEN,2021,11749.38992
Venezuela,VEN,2022,3782.8285963
Venezuela,VEN,2023,89.89771906
Venezuela,VEN,2024,0.015190558
Venezuela,VEN,2025,1.6861519345
Venezuela,VEN,2026,0.0
Vietnam,VNM,2020,14.4948599174
Vietnam,VNM,2021,16863.018185159
Vietnam,VNM,2022,98737.2919
Vietnam,VNM,2023,998.169978773
Vietnam,VNM,2024,0.0
Vietnam,VNM,2025,0.0
Vietnam,VNM,2026,0.0
Wallis and Futuna,WLF,2020,347.79584
Wallis and Futuna,WLF,2021,39040.08347
Wallis and Futuna,WLF,2022,258139.06113000002
Wallis and Futuna,WLF,2023,11141.88852
Wallis and Futuna,WLF,2024,18259.281600000002
Wallis and Futuna,WLF,2025,0.0
Wallis and Futuna,WLF,2026,0.0
Yemen,YEM,2020,54.8923305679
Yemen,YEM,2021,209.82198137379999
Yemen,YEM,2022,47.7948609765
Yemen,YEM,2023,0.0
Yemen,YEM,2024,0.0
Yemen,YEM,2025,0.0
Yemen,YEM,2026,0.0
Zambia,ZMB,2020,984.557053624
Zambia,ZMB,2021,10777.80625531
Zambia,ZMB,2022,4816.944632004
Zambia,ZMB,2023,753.35358114
Zambia,ZMB,2024,29.176891884
Zambia,ZMB,2025,0.0
Zambia,ZMB,2026,0.0
Zimbabwe,ZWE,2020,816.15578631
Zimbabwe,ZWE,2021,12032.07472397
Zimbabwe,ZWE,2022,3332.07311027
Zimbabwe,ZWE,2023,377.93123157499997
Zimbabwe,ZWE,2024,20.554138702
Zimbabwe,ZWE,2025,2.160318287
Zimbabwe,ZWE,2026,0.0
